1942,1942.jpg,1942 (U) [!].nes
1943  The Battle of Midway,1943  The Battle of Midway.jpg,1943 - The Battle of Midway (U) [!].nes
3-D Worldrunner,3-D Worldrunner.jpg,"3-D Battles of World Runner, The (U) [!].nes"
720°,720.jpg,720 (U) [!].nes
8 Eyes,8 Eyes.jpg,8 Eyes (U) [!].nes
Abadox,Abadox.jpg,Abadox - The Deadly Inner War (U) [!].nes
"Addams Family  Pugsley's Scavenger Hunt, The","Addams Family  Pugsley's Scavenger Hunt, The.jpg","Addams Family, The (U) [!].nes"
"Addams Family, The","Addams Family, The.jpg","Addams Family, The - Pugsley's Scavenger Hunt (U) [!p].nes"
Advanced Dungeons & Dragons  Dragonstrike,Advanced Dungeons & Dragons  Dragonstrike.jpg,Advanced Dungeons & Dragons - Dragon Strike (U) [!].nes
Advanced Dungeons & Dragons  Heroes of the Lance,Advanced Dungeons & Dragons  Heroes of the Lance.jpg,Advanced Dungeons & Dragons - Heroes of the Lance (U) [!].nes
Advanced Dungeons & Dragons  Hillsfar,Advanced Dungeons & Dragons  Hillsfar.jpg,Advanced Dungeons & Dragons - Hillsfar (U) [!].nes
Advanced Dungeons & Dragons  Pool of Radiance,Advanced Dungeons & Dragons  Pool of Radiance.jpg,Advanced Dungeons & Dragons - Pool of Radiance (U) [!p].nes
Adventure Island,Adventure Island.jpg,Hudson's Adventure Island (U) [!].nes
Adventure Island II,Adventure Island II.jpg,Hudson's Adventure Island II (U) [!].nes
Adventure Island III,Adventure Island III.jpg,Hudson's Adventure Island III (U) [!].nes
Adventures in the Magic Kingdom,Adventures in the Magic Kingdom.jpg,Adventures in the Magic Kingdom (U) [!].nes
"Adventures of Bayou Billy, The","Adventures of Bayou Billy, The.jpg","Adventures of Bayou Billy, The (U) [!].nes"
"Adventures of Captain Comic, The",,"Adventures of Captain Comic, The (U) [!].nes"
"Adventures of Dino Riki, The","Adventures of Dino Riki, The.jpg","Adventures of Dino Riki, The (U) [!].nes"
"Adventures of Gilligan's Island, The",Adventures of Gilligan's Island.jpg,"Adventures of Gilligan's Island, The (U) [!].nes"
Adventures of Lolo 2,Adventures of Lolo 2.jpg,Adventures of Lolo 2 (U) [!p].nes
Adventures of Lolo 3,Adventures of Lolo 3.jpg,Adventures of Lolo 3 (U) [!p].nes
"Adventures of Lolo, The","Adventures of Lolo, The.jpg",Adventures of Lolo (U) [!].nes
"Adventures of Rad Gravity, The","Adventures of Rad Gravity, The.jpg","Adventures of Rad Gravity, The (U) [!].nes"
"Adventures of Rocky & Bullwinkle and Friends, The","Adventures of Rocky & Bullwinkle and Friends, The.jpg","Adventures of Rocky and Bullwinkle and Friends, The (U) [!].nes"
"Adventures of Tom Sawyer, The","Adventures of Tom Sawyer, The.jpg",Adventures of Tom Sawyer (U) [!].nes
After Burner,After Burner.jpg,After Burner (Unl) [!].nes
Air Fortress,Air Fortress.jpg,Air Fortress (U) [!].nes
Airwolf,Airwolf.jpg,Airwolf (U) [!].nes
Al Unser Jr.'s Turbo Racing,Al Unser Jr.'s Turbo Racing.jpg,Al Unser Jr. Turbo Racing (U) [!].nes
Aladdin,Disney's Aladdin.jpg,Aladdin (Unl).nes
"Aladdin - Return of Jaffar, The",,"Aladdin - Return of Jaffar, The (Unl) [!].nes"
Aladdin 2,,Aladdin 2 (Unl).nes
Aladdin 3,,Aladdin 3 (Unl).nes
Aladdin 4,,Aladdin 4 (1996) (Unl) [!].nes
Alfred Chicken,Alfred Chicken.jpg,Alfred Chicken (U) [!p].nes
Alien Syndrome,Alien Syndrome.jpg,Alien Syndrome (Unl) [!].nes
Alien3,Alien3.jpg,Alien 3 (U) [!].nes
All-Pro Basketball,All-Pro Basketball.jpg,All-Pro Basketball (U) [!].nes
Alpha Mission,Alpha Mission.jpg,Alpha Mission (U) [!].nes
Amagon,Amagon.jpg,Amagon (U) [!].nes
American Gladiators,American Gladiators.jpg,American Gladiators (U) [!].nes
Anticipation,Anticipation.jpg,Anticipation (U) [!].nes
Arch Rivals  A Basket Brawl!,Arch Rivals  A Basket Brawl!.jpg,Arch Rivals - A Basketbrawl! (U) [!].nes
Archon,Archon.jpg,Archon (U) [!].nes
Arkanoid,Arkanoid.jpg,Arkanoid (U) [!].nes
Arkista's Ring,Arkista's Ring.jpg,Arkista's Ring (U) [!].nes
Asterix,Asterix.jpg,"Asterix (Europe) (En,Fr,De,Es,It).nes"
Astyanax,Astyanax.jpg,Astyanax (U) [!].nes
Athena,Athena.jpg,Athena (U) [!].nes
Athletic World,Athletic World.jpg,Athletic World (U) [!].nes
Attack of the Killer Tomatoes,Attack of the Killer Tomatoes.jpg,Attack of the Killer Tomatoes (U) [!].nes
Back to the Future,Back to the Future.jpg,Back to the Future (U) [!].nes
Back to the Future Part II & III,Back to the Future Part II & III.jpg,Back to the Future II & III (U) [!].nes
Bad Dudes,Bad Dudes.jpg,Bad Dudes (U) [!].nes
Bad News Baseball,Bad News Baseball.jpg,Bad News Baseball (U) [!].nes
Bad Street Brawler,Bad Street Brawler.jpg,Bad Street Brawler (U) [!].nes
Balloon Fight,Balloon Fight.jpg,Balloon Fight (U) [!].nes
Bandai Golf  Challenge Pebble Beach,Bandai Golf  Challenge Pebble Beach.jpg,Bandai Golf - Challenge Pebble Beach (U) [!].nes
Bandit Kings of Ancient China,Bandit Kings of Ancient China.jpg,Bandit Kings of Ancient China (U) [!p].nes
Barbie,Barbie.jpg,Barbie (U) (REVA) [!].nes
"Bard's Tale, The","Bard's Tale, The.jpg","Bard's Tale, The - Tales of the Unknown (U) [!].nes"
Barker Bill's Trick Shooting,Barker Bill's Trick Shooting.jpg,Barker Bill's Trick Shooting (U) [!].nes
Base Wars  Cyber Stadium Series,Base Wars  Cyber Stadium Series.jpg,Base Wars (U) [!].nes
Baseball,Baseball.jpg,Baseball (U) [!].nes
Baseball Simulator 1.000,Baseball Simulator 1.000.jpg,Baseball Simulator 1.000 (U) [!].nes
Baseball Stars,Baseball Stars.jpg,Baseball Stars (U) [!].nes
Baseball Stars II,Baseball Stars II.jpg,Baseball Stars II (U) [!].nes
Bases Loaded,Bases Loaded.jpg,Bases Loaded (U) (PRG2) [!].nes
Bases Loaded 3,Bases Loaded 3.jpg,Bases Loaded 3 (U) [!].nes
Bases Loaded II - Second Season,Bases Loaded II - Second Season.jpg,Bases Loaded II (U) [!].nes
Bases Loaded IV,Bases Loaded IV.jpg,Bases Loaded 4 (U) [!p].nes
Batman,Batman.jpg,Batman (U) [!].nes
Batman  Return of the Joker,Batman  Return of the Joker.jpg,Batman - Return of the Joker (U) [!].nes
Batman Returns,Batman Returns.jpg,Batman Returns (U) [!].nes
Battle Chess,Battle Chess.jpg,Battle Chess (U) [!].nes
"Battle Of Olympus, The","Battle Of Olympus, The.jpg","Battle of Olympus, The (U) [!].nes"
Battle Tank,Battle Tank.jpg,Battle Tank (U) [!].nes
Battleship,Battleship.jpg,Battleship (U) [!].nes
Battletoads,Battletoads.jpg,Battletoads (U) [!].nes
Battletoads & Double Dragon  The Ultimate Team,Battletoads & Double Dragon  The Ultimate Team.jpg,Battletoads & Double Dragon - The Ultimate Team (U) [!p].nes
Beetlejuice,Beetlejuice.jpg,Beetlejuice (U) [!].nes
Best of the Best  Championship Karate,Best of the Best  Championship Karate.jpg,Best of the Best - Championship Karate (U) [!].nes
Bible Adventures,Bible Adventures.jpg,Bible Adventures (Unl) (V1.4) [!].nes
Bigfoot,Bigfoot.jpg,Bigfoot (U) [!].nes
Bill & Ted's Excellent Video Game Adventure,Bill & Ted's Excellent Video Game Adventure.jpg,Bill & Ted's Excellent Video Game Adventure (U) [!].nes
Bill Elliot's Nascar Challenge,Bill Elliot's Nascar Challenge.jpg,Bill Elliott's NASCAR Challenge (U) [!].nes
Bionic Commando,Bionic Commando.jpg,Bionic Commando (U) [!].nes
Black Bass,Black Bass.jpg,"Black Bass USA, The (U) [!].nes"
Blackjack,Blackjack.jpg,Blackjack (Unl) [!].nes
Blades of Steel,Blades of Steel.jpg,Blades of Steel (U) [!].nes
Blaster Master,Blaster Master.jpg,Blaster Master (U) [!].nes
"Blues Brothers, The","Blues Brothers, The.jpg","Blues Brothers, The (U) [!].nes"
Bo Jackson Baseball,Bo Jackson Baseball.jpg,Bo Jackson Baseball (U) [!].nes
Bomberman,Bomberman.jpg,Bomberman (U) [!].nes
Bomberman II,Bomberman II.jpg,Bomberman II (U) [!p].nes
Bonk's Adventure,Bonk's Adventure.jpg,Bonk's Adventure (U) [!p].nes
Boulder Dash,Boulder Dash.jpg,Boulder Dash (U) [!].nes
"Boy And His Blob, A","Boy And His Blob, A.jpg","Boy and His Blob, A - Trouble on Blobolonia (U) [!].nes"
Bram Stoker's Dracula,Bram Stoker's Dracula.jpg,Bram Stoker's Dracula (U) [!p].nes
Break Thru,Break Thru.jpg,BreakThru (U) [!].nes
Break Time  The National Pool Tour,Break Time  The National Pool Tour.jpg,Break Time - The National Pool Tour (U) [!].nes
Bubble Bobble,Bubble Bobble.jpg,Bubble Bobble (U) [!].nes
Bubble Bobble  Part 2,Bubble Bobble  Part 2.jpg,Bubble Bobble Part 2 (U) [!p].nes
"Bugs Bunny Birthday Blowout, The","Bugs Bunny Birthday Blowout, The.jpg","Bugs Bunny Birthday Blowout, The (U) [!].nes"
"Bugs Bunny Crazy Castle, The","Bugs Bunny Crazy Castle, The.jpg","Bugs Bunny Crazy Castle, The (U) [!].nes"
Bump 'n' Jump,Bump 'n' Jump.jpg,Bump'n'Jump (U) [!].nes
Burai Fighter,Burai Fighter.jpg,Burai Fighter (U) [!].nes
Burgertime,Burgertime.jpg,BurgerTime (U) [!].nes
Caesar's Palace,Caesar's Palace.jpg,Caesars Palace (U) [!].nes
California Games,California Games.jpg,California Games (U) [!].nes
Captain America and the Avengers,Captain America and the Avengers.jpg,Captain America and The Avengers (U) [!].nes
Captain Planet and The Planeteers,Captain Planet and The Planeteers.jpg,Captain Planet and The Planeteers (U) [!].nes
Captain Skyhawk,Captain Skyhawk.jpg,Captain Skyhawk (U) (PRG1) [!].nes
Casino Kid,Casino Kid.jpg,Casino Kid (U) [!].nes
Castelian,Castelian.jpg,Castelian (U) [!].nes
Castle of Dragon,Castle of Dragon.jpg,Castle of Dragon (U) [!].nes
Castlequest,Castlequest.jpg,Castlequest (U) [!].nes
Castlevania,Castlevania.jpg,Castlevania (U) (PRG1) [!].nes
Castlevania II  Simon's Quest,Castlevania II  Simon's Quest.jpg,Castlevania II - Simon's Quest (U) [!].nes
Castlevania III  Dracula's Curse,Castlevania III  Dracula's Curse.jpg,Castlevania III - Dracula's Curse (U) [!].nes
Caveman Games,Caveman Games.jpg,Caveman Games (U) [!].nes
Challenge of the Dragon,Challenge of the Dragon.jpg,Challenge of the Dragon (Sachen) [U][!].nes
Championship Bowling,Championship Bowling.jpg,Championship Bowling (U) [!].nes
Championship Pool,Championship Pool.jpg,Championship Pool (U) [!].nes
"Chessmaster, The","Chessmaster, The.jpg","Chessmaster, The (U) (PRG0) [!].nes"
Chiller,Chiller.jpg,Chiller (Unl) [!].nes
Chip 'N Dale  Rescue Rangers,Chip 'N Dale  Rescue Rangers.jpg,Chip 'n Dale Rescue Rangers (U) [!].nes
Chip 'N Dale  Rescue Rangers 2,Chip 'N Dale  Rescue Rangers 2.jpg,Chip 'n Dale Rescue Rangers 2 (U) [!].nes
Chubby Cherub,Chubby Cherub.jpg,Chubby Cherub (U) [!p].nes
Circus Caper,Circus Caper.jpg,Circus Caper (U) [!].nes
City Connection,City Connection.jpg,City Connection (U) [!].nes
Clash at Demonhead,Clash at Demonhead.jpg,Clash at Demonhead (U) [!].nes
Classic Concentration,Classic Concentration.jpg,Classic Concentration (U) [!].nes
Cliffhanger,Cliffhanger.jpg,Cliffhanger (U) [!p].nes
Clu Clu Land,Clu Clu Land.jpg,Clu Clu Land (W) [!].nes
Cobra Command,Cobra Command.jpg,Cobra Command (U) [!].nes
Cobra Triangle,Cobra Triangle.jpg,Cobra Triangle (U) [!].nes
Code Name  Viper,Code Name  Viper.jpg,Code Name - Viper (U) [!].nes
Color a Dinosaur,Color a Dinosaur.jpg,Color A Dinosaur (U) [!].nes
Commando,Commando.jpg,Commando (U) [!].nes
Conan  The Mysteries of Time,Conan  The Mysteries of Time.jpg,Conan - The Mysteries of Time (U) [!p].nes
Conflict,Conflict.jpg,Conflict (U) [!].nes
Conquest of the Crystal Palace,Conquest of the Crystal Palace.jpg,Conquest of the Crystal Palace (U) [!].nes
Contra,Contra.jpg,Contra (U) [!].nes
Contra Force,Contra Force.jpg,Contra Force (U) [!].nes
Cool World,Cool World.jpg,Cool World (U) [!].nes
Cowboy Kid,Cowboy Kid.jpg,Cowboy Kid (U) [!].nes
Crystalis,Crystalis.jpg,Crystalis (U) [!].nes
Cybernoid  The Fighting Machine,Cybernoid  The Fighting Machine.jpg,Cybernoid - The Fighting Machine (U) [!].nes
Danny Sullivan's Indy Heat,Danny Sullivan's Indy Heat.jpg,Danny Sullivan's Indy Heat (U) [!].nes
Darkman,Darkman.jpg,Darkman (U) [!].nes
Darkwing Duck,Darkwing Duck.jpg,Darkwing Duck (U) [!].nes
Dash Galaxy in the Alien Asylum,Dash Galaxy in the Alien Asylum.jpg,Dash Galaxy in the Alien Asylum (U) [!].nes
Day Dreamin' Davey,Day Dreamin' Davey.jpg,Day Dreamin' Davey (U) [!].nes
Days of Thunder,Days of Thunder.jpg,Days of Thunder (U) [!].nes
Deadly Towers,Deadly Towers.jpg,Deadly Towers (U) [!].nes
Deathbots,Deathbots.jpg,Deathbots (Unl) [!p].nes
Defender II,Defender II.jpg,Defender II (U) [!].nes
Defender of the Crown,Defender of the Crown.jpg,Defender of the Crown (U) [!].nes
Defenders of Dynatron City,Defenders of Dynatron City.jpg,Defenders of Dynatron City (U) [!].nes
Deja Vu,Deja Vu.jpg,Deja Vu (U) [!].nes
Demon Sword,Demon Sword.jpg,Demon Sword (U) [!].nes
Desert Commander,Desert Commander.jpg,Desert Commander (U) [!].nes
Destination Earth Star,Destination Earth Star.jpg,Destination Earthstar (U) [!].nes
Destiny of an Emperor,Destiny of an Emperor.jpg,Destiny of an Emperor (U) [!].nes
Dick Tracy,Dick Tracy.jpg,Dick Tracy (U) [!].nes
Die Hard,Die Hard.jpg,Die Hard (U) [!p].nes
Dig Dug II,Dig Dug II.jpg,Dig Dug II - Trouble in Paradise (U) [!].nes
Digger T. Rock  Legend of the Lost City,Digger T. Rock  Legend of the Lost City.jpg,Digger - The Legend of the Lost City (U) [!].nes
Dirty Harry,Dirty Harry.jpg,Dirty Harry - The War Against Drugs (U) [!p].nes
Doki Doki Panic,Doki Doki Panic.jpg,Doki Doki Panic (Japan).fds
Donkey Kong,Donkey Kong.jpg,Donkey Kong (U) (PRG1) [!p].nes
Donkey Kong 3,Donkey Kong 3.jpg,Donkey Kong 3 (U) [!].nes
Donkey Kong Classics,Donkey Kong Classics.jpg,Donkey Kong Classics (U) [!].nes
Donkey Kong Jr.,Donkey Kong Jr..jpg,Donkey Kong Jr. (U) (PRG1) [!].nes
Donkey Kong Jr. Math,Donkey Kong Jr. Math.jpg,Donkey Kong Jr. Math (U) [!].nes
Double Dare,Double Dare.jpg,Double Dare (U) [!].nes
Double Dragon,Double Dragon.jpg,Double Dragon (U) [!].nes
Double Dragon II  The Revenge,Double Dragon II  The Revenge.jpg,Double Dragon II - The Revenge (U) (PRG1) [!].nes
Double Dragon III  The Sacred Stone,Double Dragon III  The Sacred Stone.jpg,Double Dragon III - The Sacred Stones (U) [!].nes
Double Dribble,Double Dribble.jpg,Double Dribble (U) (PRG1) [!].nes
Double Strike,Double Strike.jpg,Double Strike (Unl) [!p].nes
Dr. Chaos,Dr. Chaos.jpg,Dr. Chaos (U) [!].nes
Dr. Jekyll & Mr. Hyde,Dr. Jekyll & Mr. Hyde.jpg,Dr. Jekyll and Mr. Hyde (U) [!].nes
Dr. Mario,Dr. Mario.jpg,Dr. Mario (U) (PRG1) [!].nes
Dragon Ball - Shen Long no Nazo,,Dragon Ball - Shen Long no Nazo (J) [hM34][T+Eng1.11_TransBRC].nes
Dragon Ball 3 - Gokuu Den,,Dragon Ball 3 - Gokuu Den (J) [T+Eng0.15_Dodgy].nes
Dragon Ball Z - Kyoushuu! Saiya Jin,,Dragon Ball Z - Kyoushuu! Saiya Jin (J) [T+Eng1.1].nes
Dragon Ball Z - Super Butouden 2,,Dragon Ball Z - Super Butouden 2 (Unl).nes
Dragon Ball Z Gaiden - Saiya Jin Zetsumetsu Keikaku,,Dragon Ball Z Gaiden - Saiya Jin Zetsumetsu Keikaku (J) [T+Eng0.05_Saiya].nes
Dragon Ball Z II - Gekishin Freeza!!,,Dragon Ball Z II - Gekishin Freeza!! (J) [T+Eng0.70_Saiya].nes
Dragon Ball Z III - Ressen Jinzou Ningen,,Dragon Ball Z III - Ressen Jinzou Ningen (J) [T+Eng].nes
Dragon Buster II,Dragon Buster II.jpg,Dragon Buster II - Yami no Fuuin (J) [T+Eng1.0_PentarouZero].nes
Dragon Fighter,Dragon Fighter.jpg,Dragon Fighter (U) [!].nes
Dragon Power,Dragon Power.jpg,Dragon Power (U) [!].nes
Dragon Spirit  The New Legend,Dragon Spirit  The New Legend.jpg,Dragon Spirit - The New Legend (U) [!].nes
Dragon Warrior,Dragon Warrior.jpg,Dragon Warrior (U) (PRG1) [!].nes
Dragon Warrior II,Dragon Warrior II.jpg,Dragon Warrior II (U) [!].nes
Dragon Warrior III,Dragon Warrior III.jpg,Dragon Warrior III (U) (PRG0) [!].nes
Dragon Warrior IV,Dragon Warrior IV.jpg,Dragon Warrior IV (U) [!].nes
Dragon's Lair,Dragon's Lair.jpg,Dragon's Lair (U) [!].nes
Duck Hunt,Duck Hunt.jpg,Duck Hunt (JU) [!].nes
Duck Tales,Duck Tales.jpg,Duck Tales (U) [!].nes
Duck Tales II,Duck Tales II.jpg,Duck Tales 2 (U) [!].nes
Dudes with Attitude,Dudes with Attitude.jpg,Dudes With Attitude (Unl) [!].nes
Dungeon Magic,Dungeon Magic.jpg,Dungeon Magic - Sword of the Elements (U) [!].nes
Dusty Diamond's All-Star Softball,Dusty Diamond's All-Star Softball.jpg,Dusty Diamond's All-Star Softball (U) [!p].nes
Dynowarz  Destruction of Spondylus,Dynowarz  Destruction of Spondylus.jpg,Dynowarz - The Destruction of Spondylus (U) [!].nes
Eliminator Boat Duel,Eliminator Boat Duel.jpg,Eliminator Boat Duel (U) [!].nes
Excitebike,Excitebike.jpg,Excitebike (JU) [!].nes
Exodus  Journey to the Promised Land,Exodus  Journey to the Promised Land.jpg,Exodus (Unl) (V4.0) [!].nes
F-117A Stealth Fighter,F-117A Stealth Fighter.jpg,F-117A Stealth Fighter (U) [!].nes
F-15 City War,F-15 City War.jpg,F-15 City War (Unl) (REV1.1) [!].nes
F-15 Strike Eagle,F-15 Strike Eagle.jpg,F-15 Strike Eagle (U) [!].nes
Family Feud,Family Feud.jpg,Family Feud (U) [!].nes
"Fantastic Adventures of Dizzy, The","Fantastic Adventures of Dizzy, The.jpg","Fantastic Adventures of Dizzy, The (Unl) [!].nes"
Faria  A World of Mystery and Danger!,Faria  A World of Mystery and Danger!.jpg,Faria - A World of Mystery & Danger! (U) [!].nes
Faxanadu,Faxanadu.jpg,Faxanadu (U) (PRG1) [!].nes
Felix the Cat,Felix the Cat.jpg,Felix the Cat (U) [!].nes
Ferrari Grand Prix Challenge,Ferrari Grand Prix Challenge.jpg,Ferrari - Grand Prix Challenge (U) [!].nes
Fester's Quest,Fester's Quest.jpg,Fester's Quest (U) [!].nes
Final Fantasy,Final Fantasy.jpg,Final Fantasy (U) [!].nes
Final Fantasy II,Final Fantasy II.jpg,Final Fantasy II (U) (Prototype).nes
Final Fantasy III,Final Fantasy III.jpg,Final Fantasy III (J) [T-Eng].nes
Fire N Ice,Fire N Ice.jpg,Fire 'n Ice (U) [!].nes
Firehawk,Firehawk.jpg,Fire Hawk (Unl) [!].nes
Fisher Price  I Can Remember,Fisher Price  I Can Remember.jpg,Firehouse Rescue (U) [!].nes
Fist of the North Star,Fist of the North Star.jpg,Fist of the North Star (U) [!].nes
Flight of the Intruder,Flight of the Intruder.jpg,Flight of the Intruder (U) [!].nes
"Flintstones  The Surprise at Dinosaur Peak, The","Flintstones  The Surprise at Dinosaur Peak, The.jpg","Flintstones, The - The Rescue of Dino & Hoppy (U) [!].nes"
"Flintstones, The","Flintstones, The.jpg","Flintstones, The - The Surprise at Dinosaur Peak! (U) [p1][!].nes"
Flying Dragon  The Secret Scroll,Flying Dragon  The Secret Scroll.jpg,Flying Dragon - The Secret Scroll (U) [!].nes
Flying Warriors,Flying Warriors.jpg,Flying Warriors (U) [!].nes
Formula 1  Built to Win,Formula 1  Built to Win.jpg,Formula One - Built To Win (U) [!].nes
Frankenstein - The Monster Returns,Frankenstein - The Monster Returns.jpg,Frankenstein - The Monster Returns (U) [!].nes
Freedom Force,Freedom Force.jpg,Freedom Force (U) [!].nes
Friday the 13th,Friday the 13th.jpg,Friday the 13th (U) [!].nes
Fun House,Fun House.jpg,Fun House (U) [!].nes
G.I. Joe,G.I. Joe.jpg,G.I. Joe (U) [!].nes
G.I. Joe - The Atlantis Factor,G.I. Joe - The Atlantis Factor.jpg,G.I. Joe - The Atlantis Factor (U) [!].nes
Galaxian,Galaxian.jpg,Galaga - Demons of Death (U) [!].nes
Galaxy 5000,Galaxy 5000.jpg,Galaxy 5000 (U) [!].nes
Gargoyle's Quest II,Gargoyle's Quest II.jpg,Gargoyle's Quest II - The Demon Darkness (U) [!].nes
Gauntlet,Gauntlet.jpg,Gauntlet (U) [!].nes
Gauntlet II,Gauntlet II.jpg,Gauntlet II (U) [!].nes
Gemfire,Gemfire.jpg,Gemfire (U) [!].nes
Genghis Khan,Genghis Khan.jpg,Genghis Khan (U) [!].nes
George Foreman's KO Boxing,George Foreman's KO Boxing.jpg,George Foreman's KO Boxing (U) [!].nes
Ghostbusters,Ghostbusters.jpg,Ghostbusters (U) [!].nes
Ghostbusters II,Ghostbusters II.jpg,Ghostbusters II (U) [!].nes
Ghosts 'N Goblins,Ghosts 'N Goblins.jpg,Ghosts 'N Goblins (U) [!].nes
Ghoul School,Ghoul School.jpg,Ghoul School (U) [!].nes
Goal!,Goal!.jpg,Goal! (U) [!].nes
Goal! 3,,Goal 3 (Unl) [!].nes
Goal! Two,Goal! Two.jpg,Goal! Two (U) [!].nes
Godzilla  King of Monsters,Godzilla  King of Monsters.jpg,Godzilla - Monster of Monsters! (U) [!].nes
Godzilla 2  War of the Monsters,Godzilla 2  War of the Monsters.jpg,Godzilla 2 - War of the Monsters (U) [!p].nes
Gold Medal Challenge '92,Gold Medal Challenge '92.jpg,Gold Medal Challenge '92 (U) [!p].nes
Golf,Golf.jpg,Golf (U) [!].nes
Golf Grand Slam,Golf Grand Slam.jpg,Golf Grand Slam (U) [!].nes
Golgo 13  Top Secret Episode,Golgo 13  Top Secret Episode.jpg,Golgo 13 - Top Secret Episode (U) [!].nes
"Goonies II , The","Goonies II , The.jpg","Goonies II, The (U) [!].nes"
"Goonies, The",Goonies.jpg,"Goonies, The (VS).nes"
Gotcha! - The Sport!,Gotcha.jpg,Gotcha! - The Sport! (U) [!].nes
Gradius,Gradius.jpg,Gradius (U) [!].nes
Gradius II,Gradius II.jpg,Gradius II (J).nes
"Great Waldo Search, The",Great Waldo Search.jpg,"Great Waldo Search, The (U) [!p].nes"
"Great Wall, The",,"Great Wall, The (Sachen) [U][!].nes"
Greg Norman's Golf Power,Greg Norman's Golf Power.jpg,Greg Norman's Golf Power (U) [!].nes
Gremlins 2:  The New Batch,Gremlins 2  The New Batch.jpg,Gremlins 2 - The New Batch (U) [!].nes
"Guardian Legend, The","Guardian Legend, The.jpg","Guardian Legend, The (U) [!].nes"
Guerilla War,Guerilla War.jpg,Guerrilla War (U) [!].nes
Gumshoe,Gumshoe.jpg,Gumshoe (U) [!].nes
Gun Nac,Gun Nac.jpg,Gun-Nac (U) [!p].nes
Gun.Smoke,Gun.Smoke.jpg,Gun.Smoke (U) [!].nes
Gyromite,Gyromite.jpg,Gyromite (W) [!].nes
Gyruss,Gyruss.jpg,Gyruss (U) [!].nes
Happy Pairs,,Happy Pairs (Sachen) [U][!].nes
Harlem Globetrotters,Harlem Globetrotters.jpg,Harlem Globetrotters (U) [!].nes
Heavy Barrel,Heavy Barrel.jpg,Heavy Barrel (U) [!].nes
Heavy Shreddin',Heavy Shreddin'.jpg,Heavy Shreddin' (U) [!].nes
Hello Kitty World,Hello Kitty World.jpg,Hello Kitty World (J) [T+Eng1.00_Suicidal].nes
High Speed,High Speed.jpg,High Speed (U) [!].nes
Hogan's Alley,Hogan's Alley.jpg,Hogan's Alley (W) [!].nes
Hollywood Squares,Hollywood Squares.jpg,Hollywood Squares (U) [!].nes
Home Alone,Home Alone.jpg,Home Alone (U) (REVA) [!].nes
Home Alone 2  Lost in New York,Home Alone 2  Lost in New York.jpg,Home Alone 2 - Lost in New York (U) [!].nes
Hook,Hook.jpg,Hook (U) [!].nes
Hoops,Hoops.jpg,Hoops (U) [!].nes
Hot Slots,Hot Slots.jpg,Hot Slot (Unl).nes
Hudson Hawk,Hudson Hawk.jpg,Hudson Hawk (U) [!].nes
"Hunt For Red October, The","Hunt For Red October, The.jpg","Hunt for Red October, The (U) (REV1) [!].nes"
Hydlide,Hydlide.jpg,Hydlide (U) [!].nes
Ice Hockey,Ice Hockey.jpg,Ice Hockey (U) [!].nes
Ikari Warriors,Ikari Warriors.jpg,Ikari Warriors (U) (PRG1) [!].nes
Ikari Warriors II  Victory Road,Ikari Warriors II  Victory Road.jpg,Ikari Warriors II - Victory Road (U) [!].nes
Ikari Warriors III  The Rescue,Ikari Warriors III  The Rescue.jpg,Ikari III - The Rescue (U) [!p].nes
Image Fight,Image Fight.jpg,Image Fight (U) [!].nes
"Immortal, The","Immortal, The.jpg","Immortal, The (U) [!].nes"
Impossible Mission II,Impossible Mission II.jpg,Impossible Mission II (U) [!].nes
"Incredible Crash Dummies, The","Incredible Crash Dummies, The.jpg","Incredible Crash Dummies, The (U) [!p].nes"
Indiana Jones and the Last Crusade,Indiana Jones and the Last Crusade.jpg,Indiana Jones and the Last Crusade (U) (Taito) [!].nes
Indiana Jones and the Temple of Doom,Indiana Jones and the Temple of Doom.jpg,Indiana Jones and the Temple of Doom (U) [!].nes
Infiltrator,Infiltrator.jpg,Infiltrator (U) [!].nes
Iron Tank  The Invasion of Normandy,Iron Tank  The Invasion of Normandy.jpg,Iron Tank (U) [!].nes
IronSword  Wizards & Warriors II,IronSword  Wizards & Warriors II.jpg,Ironsword - Wizards & Warriors II (U) [!].nes
Isolated Warrior,Isolated Warrior.jpg,Isolated Warrior (U) [!].nes
Ivan  Iron Man  Stewart's Super Off-Road,Ivan  Iron Man  Stewart's Super Off-Road.jpg,Ivan Ironman Stewart's Super Off-Road (U) [!].nes
Jack Nicklaus' Greatest 18 Holes of Major Championship Golf,,Jack Nicklaus' Greatest 18 Holes of Major Championship Golf (U) [!].nes
Jackal,Jackal.jpg,Jackal (U) [!].nes
Jackie Chan's Action Kung Fu,Jackie Chan's Action Kung Fu.jpg,Jackie Chan's Action Kung Fu (U) [!p].nes
James Bond Jr.,James Bond Jr..jpg,James Bond Jr (U) [!].nes
Jaws,Jaws.jpg,Jaws (U) [!].nes
Jeopardy!,Jeopardy!.jpg,Jeopardy! (U) (PRG1) [!].nes
Jeopardy! 25th Anniversary Edition,Jeopardy! 25th Anniversary Edition.jpg,Jeopardy! 25th Anniversary Edition (U) [!].nes
Jeopardy! Jr. Edition,Jeopardy! Jr. Edition.jpg,Jeopardy! Junior Edition (U) [!].nes
"Jetsons  Cogswell's Caper, The","Jetsons  Cogswell's Caper, The.jpg","Jetsons, The - Cogswell's Caper! (U) [!].nes"
Jimmy Connor's Tennis,Jimmy Connor's Tennis.jpg,Jimmy Connor's Tennis (U) [!p].nes
Joe & Mac,Joe & Mac.jpg,Joe & Mac - Caveman Ninja (U) [!].nes
John Elway's Quarterback,John Elway's Quarterback.jpg,John Elway's Quarterback (U) [!].nes
Jordan vs. Bird  One-on-One,Jordan vs. Bird  One-on-One.jpg,Jordan Vs Bird - One On One (U) [!].nes
Journey to Silius,Journey to Silius.jpg,Journey to Silius (U) [!].nes
Joust,Joust.jpg,Joust (U) [!].nes
Jovial Race,,Jovial Race (Sachen) [U][!].nes
"Jungle Book, The","Jungle Book, The.jpg","Jungle Book, The (U) [!].nes"
Jurassic Park,Jurassic Park.jpg,Jurassic Park (U) [!].nes
Karate Champ,Karate Champ.jpg,Karate Champ (U) (REVA) [!].nes
"Karate Kid, The","Karate Kid, The.jpg","Karate Kid, The (U) [!].nes"
Karnov,Karnov.jpg,Karnov (U) [!].nes
Kick Master,Kick Master.jpg,Kick Master (U) [!].nes
Kickle Cubicle,Kickle Cubicle.jpg,Kickle Cubicle (U) [!].nes
Kid Icarus,Kid Icarus.jpg,Kid Icarus (U) [!].nes
Kid Klown,Kid Klown.jpg,Kid Klown (U) [!p].nes
Kid Niki,Kid Niki.jpg,Kid Niki - Radical Ninja (U) (PRG1) [!].nes
King's Knight,King's Knight.jpg,King's Knight (U) [!].nes
Kings of the Beach,Kings of the Beach.jpg,Kings of the Beach (U) [!].nes
King's Quest V,King's Quest V.jpg,King's Quest V (U) [!].nes
Kirby's Adventure,Kirby's Adventure.jpg,Kirby's Adventure (U) (PRG1) [!].nes
Kiwi Kraze,Kiwi Kraze.jpg,Kiwi Kraze - A Bird-Brained Adventure! (U) [!].nes
Klash Ball,,Klash Ball (U) [!p].nes
KLAX,KLAX.jpg,Klax (Unl) [!].nes
Knight Rider,Knight Rider.jpg,Knight Rider (U) [!].nes
"Krion Conquest, The","Krion Conquest, The.jpg","Krion Conquest, The (U) [!].nes"
Krusty's Funhouse,Krusty's Funhouse.jpg,Krusty's Fun House (U) [!].nes
Kung Fu,Kung Fu.jpg,Kung Fu (U) [!].nes
Kung-Fu Heroes,Kung-Fu Heroes.jpg,Kung-Fu Heroes (U) [!].nes
Laser Invasion,Laser Invasion.jpg,Laser Invasion (U) [!].nes
Last Action Hero,Last Action Hero.jpg,Last Action Hero (U) [!].nes
"Last Ninja, The","Last Ninja, The.jpg","Last Ninja, The (U) [!].nes"
"Last Starfighter, The","Last Starfighter, The.jpg","Last Starfighter, The (U) [!p].nes"
Lee Trevino's Fighting Golf,Lee Trevino's Fighting Golf.jpg,Lee Trevino's Fighting Golf (U) [!].nes
"Legacy of the Wizard, The","Legacy of the Wizard, The.jpg",Legacy of the Wizard (U) [!].nes
"Legend of Kage, The","Legend of Kage, The.jpg","Legend of Kage, The (U) [!].nes"
"Legend of Zelda, The","Legend of Zelda, The.jpg","Legend of Zelda, The (U) (PRG1) [!].nes"
Legendary Wings,Legendary Wings.jpg,Legendary Wings (U) [!].nes
Legends of the Diamond,Legends of the Diamond.jpg,Legends of the Diamond (U) [!].nes
Lemmings,Lemmings.jpg,Lemmings (U) [!].nes
Lethal Weapon,Lethal Weapon.jpg,Lethal Weapon (U) [!].nes
Life Force,Life Force.jpg,Life Force (U) [!].nes
Linus Spacehead's Cosmic Crusade,Linus Spacehead's Cosmic Crusade.jpg,Linus Spacehead's Cosmic Crusade (Unl) (Aladdin) (M4) [!].nes
Little League Baseball - Championship Series,Little League Baseball - Championship Series.jpg,Little League Baseball - Championship Series (U) [!].nes
"Little Mermaid, The","Little Mermaid, The.jpg","Little Mermaid, The (U) [!].nes"
Little Nemo  The Dream Master,Little Nemo  The Dream Master.jpg,Little Nemo - The Dream Master (U) [!].nes
Little Ninja Brothers,Little Ninja Brothers.jpg,Little Ninja Brothers (U) [!].nes
Little Samson,Little Samson.jpg,Little Samson (U) [!p].nes
Lode Runner,Lode Runner.jpg,Lode Runner (U) [!].nes
"Lone Ranger, The","Lone Ranger, The.jpg","Lone Ranger, The (U) [!].nes"
LoopZ,LoopZ.jpg,Loopz (U) [!].nes
Low G Man,Low G Man.jpg,Low G Man - The Low Gravity Man (U) [!].nes
Lunar Pool,Lunar Pool.jpg,Lunar Pool (U) [!].nes
M.U.L.E.,M.U.L.E..jpg,M.U.L.E. (U) [!p].nes
M.U.S.C.L.E.,M.U.S.C.L.E..jpg,M.U.S.C.L.E. (U) [!].nes
Mach Rider,Mach Rider.jpg,Mach Rider (U) [!].nes
Mad Max,Mad Max.jpg,Mad Max (U) [!].nes
"Mafat Conspiracy  Golgo 13 II, The","Mafat Conspiracy  Golgo 13 II, The.jpg",Mafat Conspiracy - Golgo 13 (U) [!].nes
Mag Max,Mag Max.jpg,Magmax (U) [!].nes
Magic Darts,Magic Darts.jpg,Magic Darts (U) [!].nes
Magic Johnson's Fast Break,Magic Johnson's Fast Break.jpg,Magic Johnson's Fast Break (U) [!].nes
Magic Mathematic,,Magic Mathematic (Sachen-NTSC) [U][!].nes
Magician,Magician.jpg,Magician (U) [!].nes
Mahjong Academy,,Mahjong Academy (Sachen) [!].nes
Mahjong World,,Mahjong World (Sachen) [U][!].nes
Major League Baseball,Major League Baseball.jpg,Major League Baseball (U) (PRG1) [!].nes
Maniac Mansion,Maniac Mansion.jpg,Maniac Mansion (U) [!].nes
Mappyland,Mappyland.jpg,Mappy-Land (U) [!].nes
Marble Madness,Marble Madness.jpg,Marble Madness (U) [!].nes
Mario Bros.,Mario Bros..jpg,Mario Bros. (U) [!].nes
Mario is Missing,Mario is Missing.jpg,Mario is Missing! (U) [!].nes
Mario's Time Machine,Mario's Time Machine.jpg,Mario's Time Machine! (U) [!p].nes
McDonaldLand,,McDonaldLand [!].nes
Mechanized Attack,Mechanized Attack.jpg,Mechanized Attack (U) [!].nes
Mega Man,Mega Man.jpg,Megaman (U) [!].nes
Mega Man 2,Mega Man 2.jpg,Megaman II (U) [!].nes
Mega Man 3,Mega Man 3.jpg,Megaman III (U) [!].nes
Mega Man 4,Mega Man 4.jpg,Megaman IV (U) (PRG1) [!].nes
Mega Man 5,Mega Man 5.jpg,Megaman V (U) [!p].nes
Mega Man 6,Mega Man 6.jpg,Megaman VI (U) [!].nes
Mendel Palace,Mendel Palace.jpg,Mendel Palace (U) [!].nes
Mermaids of Atlantis,Mermaids of Atlantis.jpg,Mermaids of Atlantis - The Riddle of the Magic Bubble (Unl) [!p].nes
Metal Fighter,Metal Fighter.jpg,Metal Fighter (Sachen) [U][!].nes
Metal Gear,Metal Gear.jpg,Metal Gear (U) [!].nes
Metal Storm,Metal Storm.jpg,Metal Storm (U) [!].nes
MetalMech  Man & Machine,MetalMech  Man & Machine.jpg,Metal Mech - Man & Machine (U) [!].nes
Metroid,Metroid.jpg,Metroid (U) (PRG0) [!].nes
Michael Andretti's World Grand Prix,,Michael Andretti's World Grand Prix (U) [!].nes
Mickey Mousecapades,Mickey Mousecapades.jpg,Mickey Mousecapade (U) [!].nes
Mickey's Adventures in Numberland,Mickey's Adventures in Numberland.jpg,Mickey's Adventures in Numberland (U) [!p].nes
Mickey's Safari in Letterland,Mickey's Safari in Letterland.jpg,Mickey's Safari in Letterland (U) [!p].nes
Micro Machines,Micro Machines.jpg,Micro Machines (Unl) [!].nes
MiG 29  Soviet Fighter,MiG 29  Soviet Fighter.jpg,MiG 29 - Soviet Fighter (Unl) [!].nes
Might & Magic  Secret of the Inner Sanctum,Might & Magic  Secret of the Inner Sanctum.jpg,Might and Magic (U) [!].nes
Mighty Bomb Jack,Mighty Bomb Jack.jpg,Mighty Bomb Jack (U) [!].nes
Mighty Final Fight,Mighty Final Fight.jpg,Mighty Final Fight (U) [!p].nes
Mike Tyson's Punch-Out!!,Mike Tyson's Punch-Out!!.jpg,Mike Tyson's Punch-Out!! (U) (PRG1) [!].nes
Millionaire,,Millionaire (Sachen) [U][!].nes
Millipede,Millipede.jpg,Millipede (U) [!].nes
Milon's Secret Castle,Milon's Secret Castle.jpg,Milon's Secret Castle (U) [!].nes
"Miracle Piano Teaching system, The","Miracle Piano Teaching system, The.jpg","Miracle Piano Teaching System, The (U) [!].nes"
Mission  Impossible,Mission  Impossible.jpg,Mission - Impossible (U) [!].nes
Monopoly,Monopoly.jpg,Monopoly (U) [!].nes
Monster in My Pocket,Monster in My Pocket.jpg,Monster In My Pocket (U) [!].nes
Monster Party,Monster Party.jpg,Monster Party (U) [!].nes
Monster Truck Rally,Monster Truck Rally.jpg,Monster Truck Rally (U) [!].nes
Motor City Patrol,Motor City Patrol.jpg,Motor City Patrol (U) [!].nes
Ms. Pac Man,Ms. Pac Man.jpg,Ms. Pac-Man (U) [!].nes
MTV's Remote Control,MTV's Remote Control.jpg,Remote Control (U) [!].nes
Muppet Adventure  Chaos at the Carnival,Muppet Adventure  Chaos at the Carnival.jpg,Jim Henson's Muppet Adventure - Chaos at the Carnival (U) [!].nes
"Mutant Virus, The","Mutant Virus, The.jpg","Mutant Virus, The (U) [!].nes"
Mystery Quest,Mystery Quest.jpg,Mystery Quest (U) [!].nes
NARC,NARC.jpg,NARC (U) [!].nes
NES Open Tournament Golf,NES Open Tournament Golf.jpg,NES Open Tournament Golf (U) [!].nes
NES Play Action Football,NES Play Action Football.jpg,NES Play Action Football (U) [!].nes
NES PowerPad Test Cart,NTF2 Test Cartridge.jpg,NES PowerPad Test Cart (U) [!].nes
NFL Football,NFL Football.jpg,NFL Football (U) [!].nes
Nigel Mansell's World Championship Racing,Nigel Mansell's World Championship Racing.jpg,Nigel Mansell's World Championship Challenge (U) [!].nes
"Nightmare on Elm Street, A",Nightmare on Elm Street.jpg,"Nightmare on Elm Street, A (U) [!].nes"
Nightshade,Nightshade.jpg,Nightshade (U) [!].nes
Ninja Crusaders,Ninja Crusaders.jpg,Ninja Crusaders (U) [!p].nes
Ninja Gaiden,Ninja Gaiden.jpg,Ninja Gaiden (U) [!].nes
Ninja Gaiden II  The Dark Sword of Chaos,Ninja Gaiden II  The Dark Sword of Chaos.jpg,Ninja Gaiden II - The Dark Sword of Chaos (U) [!].nes
Ninja Gaiden III  The Ancient Ship of Doom,Ninja Gaiden III  The Ancient Ship of Doom.jpg,Ninja Gaiden III - The Ancient Ship of Doom (U) [!].nes
Ninja Kid,Ninja Kid.jpg,Ninja Kid (U) [!].nes
Nintendo World Championships 1990,Nintendo World Championships 1990.jpg,Nintendo World Championships 1990 (U) [!].nes
Nintendo World Cup,Nintendo World Cup.jpg,Nintendo World Cup (U) [!].nes
Nobunaga's Ambition,Nobunaga's Ambition.jpg,Nobunaga's Ambition (U) [!].nes
Nobunaga's Ambition II,Nobunaga's Ambition II.jpg,Nobunaga's Ambition 2 (U) [!p].nes
North and South,North and South.jpg,North & South (U) [!].nes
Operation Wolf,Operation Wolf.jpg,Operation Wolf (U) [!].nes
Orb-3D,Orb-3D.jpg,Orb 3D (U) [!].nes
Othello,Othello.jpg,Othello (U) [!].nes
Overlord,Overlord.jpg,Overlord (U) [!].nes
Pac-Man,Pac-Man.jpg,Pac-Man (U) (Namco) [!p].nes
Pacmania,Pacmania.jpg,Pac-Mania (Unl) [!].nes
Panic Restaurant,Panic Restaurant.jpg,Panic Restaurant (U) [!].nes
Paperboy,Paperboy.jpg,Paperboy (U) [!].nes
Paperboy 2,Paperboy 2.jpg,Paperboy 2 (U) [!].nes
Pesterminator  The Western Exterminator,Pesterminator  The Western Exterminator.jpg,Pesterminator - The Western Exterminator (Unl) [!p].nes
Peter Pan & The Pirates,,Peter Pan & The Pirates (U) [!].nes
Phantom Fighter,Phantom Fighter.jpg,Phantom Fighter (U) [!].nes
Pictionary,Pictionary.jpg,Pictionary (U) [!].nes
Pinball,Pinball.jpg,Pinball (JU) [!].nes
Pinball Quest,Pinball Quest.jpg,Pinball Quest (U) [!].nes
Pinbot,Pinbot.jpg,Pin Bot (U) [!].nes
Pipe Dream,Pipe Dream.jpg,Pipe Dream (U) [!].nes
Pirates!,Pirates!.jpg,Pirates! (U) [!].nes
Platoon,Platoon.jpg,Platoon (U) (PRG1) [!].nes
Popeye,Popeye.jpg,Popeye (W) (PRG1) [!].nes
Power Blade,Power Blade.jpg,Power Blade (U) [!].nes
Power Blade 2,Power Blade 2.jpg,Power Blade 2 (U) [!].nes
Power Punch II,Power Punch II.jpg,Power Punch 2 (U) [!p].nes
Predator,Predator.jpg,Predator (U) [!].nes
Prince of Persia,Prince of Persia.jpg,Prince of Persia (U) [!].nes
Princess Tomato in the Salad Kingdom,Princess Tomato in the Salad Kingdom.jpg,Princess Tomato in Salad Kingdom (U) [!].nes
Pro Sport Hockey,Pro Sport Hockey.jpg,Pro Sport Hockey (U) [!].nes
Pro Wrestling,Pro Wrestling.jpg,Pro Wrestling (U) (PRG1) [!].nes
Punch-Out!!,Punch-Out!!.jpg,Punch-Out!! (U) [!].nes
"Punisher, The","Punisher, The.jpg","Punisher, The (U) [!].nes"
Puss 'n Boots - Pero's Great Adventure,Puss n Boots.jpg,Puss 'n Boots - Pero's Great Adventure (U) [!].nes
Q Boy,,Q Boy (Sachen) [U][!].nes
Q-bert,Q-bert.jpg,Q-bert (U) [!].nes
Qix,Qix.jpg,Qix (U) [!p].nes
Quattro Adventure,Quattro Adventure.jpg,Quattro Adventure (Unl) [!p].nes
R.B.I. Baseball,R.B.I. Baseball.jpg,R.B.I. Baseball (U) [!].nes
R.B.I. Baseball 2,R.B.I. Baseball 2.jpg,R.B.I. Baseball 2 (Unl) [!].nes
R.B.I. Baseball 3,R.B.I. Baseball 3.jpg,R.B.I. Baseball 3 (Unl) [!].nes
R.C. Pro-Am II,R.C. Pro-Am II.jpg,R.C. Pro-Am 2 (U) [!p].nes
R.C. Pro-Am Racing,R.C. Pro-Am Racing.jpg,R.C. Pro-Am (U) (PRG1) [!].nes
Race America,Race America.jpg,Race America (U) [!].nes
Racket Attack,Racket Attack.jpg,Racket Attack (U) [!].nes
Rad Racer,Rad Racer.jpg,Rad Racer (U) [!].nes
Rad Racer II,Rad Racer II.jpg,Rad Racer 2 (U) [!].nes
Rainbow Islands,Rainbow Islands.jpg,Rainbow Islands - The Story of Bubble Bobble 2 (U) [!].nes
Rally Bike,Rally Bike.jpg,Rally Bike (U) [!].nes
Rambo,Rambo.jpg,Rambo (U) (PRG1) [!].nes
Rampage,Rampage.jpg,Rampage (U) [!].nes
Rampart,Rampart.jpg,Rampart (U) [!].nes
"Ren & Stimpy Show  Buckaroo$, The","Ren & Stimpy Show  Buckaroo$, The.jpg","Ren & Stimpy Show, The (U) [!p].nes"
Renegade,Renegade.jpg,Renegade (U) [!].nes
Rescue  The Embassy Mission,Rescue  The Embassy Mission.jpg,Rescue - The Embassy Mission (U) [!].nes
Ring King,Ring King.jpg,Ring King (U) [!].nes
River City Ransom,River City Ransom.jpg,River City Ransom (U) [!].nes
Road Runner,Road Runner.jpg,Road Runner (Unl) [!].nes
RoadBlasters,RoadBlasters.jpg,RoadBlasters (U) [!].nes
Robin Hood  Prince of Thieves,Robin Hood  Prince of Thieves.jpg,Robin Hood - Prince of Thieves (U) (PRG0) [!].nes
Robo Warrior,Robo Warrior.jpg,Robo Warrior (U) [!].nes
Robocop,Robocop.jpg,RoboCop (U) [!].nes
RoboCop 2,RoboCop 2.jpg,RoboCop 2 (U) (PRG1) [!].nes
RoboCop 3,RoboCop 3.jpg,RoboCop 3 (U) [!p].nes
Rock 'n Ball,Rock 'n Ball.jpg,Rock 'n' Ball (U) [!].nes
Rocket Ranger,Rocket Ranger.jpg,Rocket Ranger (U) [!].nes
"Rocketeer, The",Rocketeer.jpg,"Rocketeer, The (U) [!].nes"
Rockin' Kats,Rockin' Kats.jpg,Rockin' Kats (U) [!].nes
Roger Clemens' MVP Baseball,Roger Clemens' MVP Baseball.jpg,Roger Clemens' MVP Baseball (U) [!].nes
Rollerball,Rollerball.jpg,Rollerball (U) [!].nes
Rollerblade Racer,,Rollerblade Racer (U) [!].nes
Rollergames,Rollergames.jpg,Rollergames (U) [!].nes
Rolling Thunder,Rolling Thunder.jpg,Rolling Thunder (Unl) [!].nes
Romance of the Three Kingdoms,Romance of the Three Kingdoms.jpg,Romance of The Three Kingdoms (U) [!].nes
Romance of the Three Kingdoms II,Romance of the Three Kingdoms II.jpg,Romance of The Three Kingdoms II (U) [!].nes
Rush'n Attack,Rush'n Attack.jpg,Rush'n Attack (U) [!].nes
Rygar,Rygar.jpg,Rygar (U) (PRG1) [!].nes
Section Z,Section Z.jpg,Section Z (U) [!].nes
Seicross,Seicross.jpg,Seicross (U) [!].nes
Sesame Street  123,Sesame Street  123.jpg,Sesame Street 123 (U) [!].nes
Sesame Street  ABC,Sesame Street  ABC.jpg,Sesame Street ABC (U) [!].nes
Sesame Street  Big Bird's Hide & Speak,Sesame Street  Big Bird's Hide & Speak.jpg,Sesame Street Countdown (U) [!].nes
Shadow of the Ninja,Shadow of the Ninja.jpg,Shadow of the Ninja (U) [!].nes
Shadowgate,Shadowgate.jpg,Shadowgate (U) [!].nes
Shatterhand,Shatterhand.jpg,Shatterhand (U) [!].nes
Shingen The Ruler,Shingen The Ruler.jpg,Shingen The Ruler (U) [!].nes
Shinobi,Shinobi.jpg,Shinobi (Unl) [!].nes
Shockwave,Shockwave.jpg,Shockwave (Unl) [!].nes
Shooting Range,Shooting Range.jpg,Shooting Range (U) [!].nes
Short Order Eggsplode,Short Order Eggsplode.jpg,Short Order - Eggsplode (U) [!].nes
Side Pocket,Side Pocket.jpg,Side Pocket (U) [!].nes
Silkworm,Silkworm.jpg,Silkworm (U) [!].nes
Silver Surfer,Silver Surfer.jpg,Silver Surfer (U) [!].nes
"Simpsons  Bart vs. the Space Mutants, The","Simpsons  Bart vs. the Space Mutants, The.jpg","Simpsons, The - Bart Vs. the Space Mutants (U) (PRG0) [!].nes"
"Simpsons  Bart vs. the World, The","Simpsons  Bart vs. the World, The.jpg","Simpsons, The - Bart Vs. the World (U) [!].nes"
"Simpsons  Bartman Meets Radioactive Man, The","Simpsons  Bartman Meets Radioactive Man, The.jpg","Simpsons, The - Bartman Meets Radioactive Man (U) [!].nes"
Skate Or Die,Skate Or Die.jpg,Skate or Die! (U) [!].nes
Skate or Die 2 - The Search for Double Trouble,Skate or Die 2.jpg,Skate or Die 2 - The Search for Double Trouble (U) [!].nes
Skull & Crossbones,Skull & Crossbones.jpg,Skull & Crossbones (Unl) [!].nes
Sky Shark,Sky Shark.jpg,Sky Shark (U) [!].nes
Slalom,Slalom.jpg,Slalom (U) [!].nes
Smash T.V.,Smash TV.jpg,Smash T.V. (U) [!].nes
Snake Rattle 'n Roll,Snake Rattle 'n Roll.jpg,Snake's Revenge (U) [!].nes
Snoopy's Silly Sports Spectacular,Snoopy's Silly Sports Spectacular.jpg,Snoopy's Silly Sports Spectacular (U) [!].nes
Snow Brothers,Snow Brothers.jpg,Snow Bros. (U) [!p].nes
Soccer,Soccer.jpg,Soccer (JU) [!].nes
Solar Jetman  Hunt for the Golden Warship,Solar Jetman  Hunt for the Golden Warship.jpg,Solar Jetman - Hunt for the Golden Warpship (U) [!].nes
Solomon's Key,Solomon's Key.jpg,Solomon's Key (U) [!].nes
Solstice - The Quest for the Staff of Demnos,Solstice.jpg,Solstice - The Quest for the Staff of Demnos (U) [!].nes
Space Invaders,Space Invaders.jpg,Space Invaders (Japan).nes
Space Shuttle Project,Space Shuttle Project.jpg,Space Shuttle Project (U) [!].nes
Spider-Man  Return of the Sinister Six,Spider-Man  Return of the Sinister Six.jpg,Spider-Man - Return of the Sinister Six (U) [!].nes
Splatterhouse  Wanpaku Graffiti,Splatterhouse  Wanpaku Graffiti.jpg,Splatter House - Wanpaku Graffiti (J) [T+Eng2.0_Spinner8].nes
Spot,Spot.jpg,Spot (U) [!].nes
Spy Hunter,Spy Hunter.jpg,Spy Hunter (U) [!].nes
Spy vs. Spy,Spy vs. Spy.jpg,Spy Vs Spy (U) [!].nes
Stack-Up,Stack-Up.jpg,Stack Up (Robot Block) (W) [!].nes
Stadium Events,Stadium Events.jpg,Stadium Events (U) [!].nes
Star Force,Star Force.jpg,Star Force (U) [!].nes
Star Soldier,Star Soldier.jpg,Star Soldier (U) [!].nes
Star Trek  25th Anniversary,Star Trek  25th Anniversary.jpg,Star Trek - 25th Anniversary (U) [!].nes
Star Trek - The Next Generation,Star Trek Next Generation.jpg,Star Trek - The Next Generation (U) [!].nes
Star Voyager,Star Voyager.jpg,Star Voyager (U) [!].nes
Star Wars,Star Wars.jpg,Star Wars (U) [!].nes
Star Wars  The Empire Strikes Back,Star Wars  The Empire Strikes Back.jpg,Star Wars - The Empire Strikes Back (U) [!p].nes
Starship Hector,Starship Hector.jpg,Starship Hector (U) [!].nes
StarTropics,StarTropics.jpg,Startropics (U) [!].nes
Startropics II - Zoda's Revenge,Star Tropics II - Zodas Revenge.jpg,Startropics II - Zoda's Revenge (U) [!].nes
Stealth ATF,Stealth ATF.jpg,Stealth ATF (U) [!].nes
Stinger,Stinger.jpg,Stinger (U) [!].nes
Street Cop,Street Cop.jpg,Street Cop (U) [!].nes
Street Fighter 2010  The Final Fight,Street Fighter 2010  The Final Fight.jpg,Street Fighter 2010 - The Final Fight (U) [!].nes
Strider,Strider.jpg,Strider (U) [!].nes
Super C,Super C.jpg,Super C (U) [!].nes
Super Dodge Ball,Super Dodge Ball.jpg,Super Dodge Ball (U) [!].nes
Super Glove Ball,Super Glove Ball.jpg,Super Glove Ball (U) [!].nes
Super Jeopardy!,Super Jeopardy!.jpg,Super Jeopardy! (U) [!].nes
Super Mario Bros.,Super Mario Bros..jpg,Super Mario Bros. (W) [!].nes
Super Mario Bros.   Duck Hunt,Super Mario Bros.   Duck Hunt.jpg,Super Mario Bros. + Duck Hunt (U) [!].nes
Super Mario Bros.   Duck Hunt   World Class Track Meet,Super Mario Bros.   Duck Hunt   World Class Track Meet.jpg,Super Mario Bros. + Duck Hunt + World Class Track Meet (U) (PRG1) [!].nes
Super Mario Bros. 2,Super Mario Bros. 2.jpg,Super Mario Bros. 2 (U) (PRG1) [!].nes
Super Mario Bros. 3,Super Mario Bros. 3.jpg,Super Mario Bros. 3 (U) (PRG1) [!].nes
Super Pitfall,,Super Pitfall (U) [!].nes
Super Spike V'Ball,Super Spike V'Ball.jpg,Super Spike V'Ball (U) [!].nes
Super Spike V'Ball + Nintendo World Cup,,Super Spike V'Ball + Nintendo World Cup (U) [!].nes
Super Sprint,Super Sprint.jpg,Super Sprint (Unl) [!].nes
Super Spy Hunter,Super Spy Hunter.jpg,Super Spy Hunter (U) [!].nes
Super Turrican,Super Turrican.jpg,Super Team Games (U) [!].nes
Superman,Superman.jpg,Superman (U) [!].nes
Swamp Thing,,Swamp Thing (U) [!].nes
Sword Master,Sword Master.jpg,Sword Master (U) [!p].nes
Swords and Serpents,Swords and Serpents.jpg,Swords and Serpents (U) [!].nes
Tag Team Wrestling,Tag Team Wrestling.jpg,Tag Team Wrestling (U) [!].nes
Tale Spin,Tale Spin.jpg,TaleSpin (U) [!].nes
Target  Renegade,Target  Renegade.jpg,Target - Renegade (U) [!].nes
Tecmo Baseball,Tecmo Baseball.jpg,Tecmo Baseball (U) [!].nes
Tecmo Bowl,Tecmo Bowl.jpg,Tecmo Bowl (U) (PRG1) [!].nes
Tecmo NBA Basketball,Tecmo NBA Basketball.jpg,Tecmo NBA Basketball (U) (PRG0) [!].nes
Tecmo Super Bowl,Tecmo Super Bowl.jpg,Tecmo Super Bowl (U) [!].nes
Tecmo World Wrestling,Tecmo World Wrestling.jpg,Tecmo World Wrestling (U) [!].nes
Teenage Mutant Ninja Turtles,Teenage Mutant Ninja Turtles.jpg,Teenage Mutant Ninja Turtles (U) [!].nes
Teenage Mutant Ninja Turtles  Tournament Fighters,Teenage Mutant Ninja Turtles  Tournament Fighters.jpg,Teenage Mutant Ninja Turtles - Tournament Fighters (U) [!p].nes
Teenage Mutant Ninja Turtles II  The Arcade Game,Teenage Mutant Ninja Turtles II  The Arcade Game.jpg,Teenage Mutant Ninja Turtles II - The Arcade Game (U) [!].nes
Teenage Mutant Ninja Turtles III  The Manhattan Project,Teenage Mutant Ninja Turtles III  The Manhattan Project.jpg,Teenage Mutant Ninja Turtles III - The Manhattan Project (U) [!].nes
Tennis,Tennis.jpg,Tennis (U) [!].nes
Terminator 2  Judgment Day,Terminator 2  Judgment Day.jpg,Terminator 2 - Judgment Day (U) [!].nes
"Terminator, The","Terminator, The.jpg","Terminator, The (U) [!p].nes"
Terra Cresta,Terra Cresta.jpg,Terra Cresta (U) [!].nes
Tetris,Tetris.jpg,Tetris (U) [!].nes
Tetris 2,Tetris 2.jpg,Tetris 2 (U) [!].nes
Three Stooges,Three Stooges.jpg,Three Stooges (U) [!].nes
Thunder & Lightning,Thunder & Lightning.jpg,Thunder & Lightning (U) [!].nes
Thunderbirds,Thunderbirds.jpg,Thunderbirds (U) [!].nes
Thundercade,Thundercade.jpg,Thundercade (U) [!].nes
Tiger Heli,Tiger Heli.jpg,Tiger-Heli (U) [!].nes
Time Lord,Time Lord.jpg,Time Lord (U) [!].nes
Times of Lore,Times of Lore.jpg,Times of Lore (U) [!p].nes
Tiny Toon Adventures,Tiny Toon Adventures.jpg,Tiny Toon Adventures (U) [!].nes
Tiny Toon Adventures 2  Trouble in Wackyland,Tiny Toon Adventures 2  Trouble in Wackyland.jpg,Tiny Toon Adventures 2 - Trouble in Wackyland (U) [!].nes
Toki,Toki.jpg,Toki (U) [!].nes
Tom & Jerry,Tom & Jerry.jpg,Tom & Jerry (and Tuffy) (U) [!].nes
Tombs & Treasure,Tombs & Treasure.jpg,Tombs & Treasure (U) [!].nes
Toobin,Toobin.jpg,Toobin' (Unl) [!p].nes
Top Gun,Top Gun.jpg,Top Gun (U) (PRG1) [!].nes
Top Gun 2  The Second Mission,Top Gun 2  The Second Mission.jpg,Top Gun - The Second Mission (U) [!].nes
Total Recall,Total Recall.jpg,Total Recall (U) [!].nes
Totally Rad,Totally Rad.jpg,Totally Rad (U) [!].nes
Touchdown Fever,Touchdown Fever.jpg,Touch Down Fever (U) [!].nes
Town & Country II  Thrilla's Surfari,Town & Country II  Thrilla's Surfari.jpg,T&C 2 - Thrilla's Surfari (U) [!].nes
Town & Country Surf Designs  Wood & Water Rage,Town & Country Surf Designs  Wood & Water Rage.jpg,T&C Surf Design (U) [!].nes
Toxic Crusaders,Toxic Crusaders.jpg,Toxic Crusaders (U) [!].nes
Track & Field,Track & Field.jpg,Track & Field (U) [!].nes
Track & Field II,Track & Field II.jpg,Track & Field 2 (U) (PRG1) [!].nes
Treasure Master,Treasure Master.jpg,Treasure Master (U) [!].nes
Trog,Trog.jpg,Trog (U) [!].nes
Trojan,Trojan.jpg,Trojan (U) [!].nes
Trolls on Treasure Island,Trolls on Treasure Island.jpg,Trolls on Treasure Island (Unl) [!p].nes
Twin Cobra,Twin Cobra.jpg,Twin Cobra (U) [!].nes
Ultima III  Exodus,Ultima III  Exodus.jpg,Ultima - Exodus (U) [!].nes
Ultima IV  Quest of the Avatar,Ultima IV  Quest of the Avatar.jpg,Ultima - Quest of the Avatar (U) [!].nes
Ultima V  Warriors of Destiny,Ultima V  Warriors of Destiny.jpg,Ultima - Warriors of Destiny (U) [!].nes
Ultimate Air Combat,Ultimate Air Combat.jpg,Ultimate Air Combat (U) [!].nes
Ultimate Basketball,Ultimate Basketball.jpg,Ultimate Basketball (U) [!].nes
"Uncanny X-Men, The","Uncanny X-Men, The.jpg","Uncanny X-Men, The (U) [!].nes"
Uncharted Waters,Uncharted Waters.jpg,Uncharted Waters (U) [!].nes
Uninvited,Uninvited.jpg,Uninvited (U) [!].nes
"Untouchables, The","Untouchables, The.jpg","Untouchables, The (U) (PRG1) [!].nes"
Urban Champion,Urban Champion.jpg,Urban Champion (UE) [!].nes
Vegas Dream,Vegas Dream.jpg,Vegas Dream (U) [!].nes
Vice  Project Doom,Vice  Project Doom.jpg,Vice - Project Doom (U) [!].nes
Vindicators,Vindicators.jpg,Vindicators (Unl) [!].nes
Volleyball,Volleyball.jpg,Volleyball (UE) [!].nes
Wall Street Kid,Wall Street Kid.jpg,Wall Street Kid (U) [!].nes
Wario's Woods,Wario's Woods.jpg,Wario's Woods (U) [!].nes
Wayne Gretzky Hockey,Wayne Gretzky Hockey.jpg,Wayne Gretzky Hockey (U) [!].nes
Wayne's World,Wayne's World.jpg,Wayne's World (U) [!].nes
WCW World Championship Wrestling,WCW World Championship Wrestling.jpg,WCW World Championship Wrestling (U) [!].nes
Werewolf  The Last Warrior,Werewolf  The Last Warrior.jpg,Werewolf - The Last Warrior (U) [!].nes
Wheel of Fortune,Wheel of Fortune.jpg,Wheel of Fortune (U) (PRG1) [!].nes
Wheel of Fortune  Family Edition,Wheel of Fortune  Family Edition.jpg,Wheel of Fortune Family Edition (U) [!].nes
Wheel of Fortune  Jr.,Wheel of Fortune  Jr..jpg,Wheel of Fortune - Starring Vanna White (U) [!].nes
Where in Time is Carmen Sandiego,Where in Time is Carmen Sandiego.jpg,Where in Time is Carmen Sandiego (U) [!].nes
Where's Waldo ,Where's Waldo .jpg,Where's Waldo (U) [!].nes
Who Framed Roger Rabbit ,Who Framed Roger Rabbit .jpg,Who Framed Roger Rabbit (U) [!].nes
Whomp 'Em,Whomp 'Em.jpg,Whomp'Em (U) [!].nes
Widget,Widget.jpg,Widget (U) [!].nes
Wild Gunman,Wild Gunman.jpg,Wild Gunman (W) (PRG1) [!].nes
Willow,Willow.jpg,Willow (U) [!].nes
"Win, Lose Or Draw","Win, Lose Or Draw.jpg","Win, Lose or Draw (U) [!].nes"
Winter Games,Winter Games.jpg,Winter Games (U) (PRG0) [!].nes
Wizardry  Knight of Diamonds,Wizardry  Knight of Diamonds.jpg,Wizardry - The Knight of Diamonds (U) [!].nes
Wizardry  Proving Grounds of the Mad Overlord,Wizardry  Proving Grounds of the Mad Overlord.jpg,Wizardry - Proving Grounds of the Mad Overlord (U) [!].nes
Wizards & Warriors,Wizards & Warriors.jpg,Wizards & Warriors (U) (PRG1) [!].nes
Wizards & Warriors III  Kuros... Visions of Power,Wizards & Warriors III  Kuros... Visions of Power.jpg,Wizards & Warriors III - Kuros - Visions of Power (U) [!].nes
Wolverine,Wolverine.jpg,Wolverine (U) [!].nes
World Champ,World Champ.jpg,World Champ (U) [!].nes
World Class Track Meet,World Class Track Meet.jpg,World Class Track Meet (U) (PRG1) [!].nes
World Games,World Games.jpg,World Games (U) [!].nes
Wrath Of The Black Manta,Wrath Of The Black Manta.jpg,Wrath of the Black Manta (U) (PRG1) [!].nes
WWF King of the Ring,WWF King of the Ring.jpg,WWF King of the Ring (U) [!p].nes
WWF Wrestlemania,WWF Wrestlemania.jpg,WWF WrestleMania (U) [!].nes
WWF Wrestlemania  Steel Cage Challenge,WWF Wrestlemania  Steel Cage Challenge.jpg,WWF WrestleMania - Steel Cage Challenge (U) [!].nes
WWF Wrestlemania Challenge,WWF Wrestlemania Challenge.jpg,WWF WrestleMania Challenge (U) [!].nes
Xevious,Xevious.jpg,Xevious (U) [!].nes
Xexyz,Xexyz.jpg,Xexyz (U) [!].nes
Yo! Noid,Yo-Noid.jpg,Yo! Noid (U) [!].nes
Yoshi,Yoshi.jpg,Yoshi (U) [!].nes
Yoshi's Cookie,Yoshi's Cookie.jpg,Yoshi's Cookie (U) [!].nes
"Young Indiana Jones Chronicles, The","Young Indiana Jones Chronicles, The.jpg","Young Indiana Jones Chronicles, The (U) [!].nes"
Zanac,Zanac.jpg,Zanac (U) [!].nes
Zelda II  The Adventure of Link,Zelda II  The Adventure of Link.jpg,Zelda II - The Adventure of Link (U) [!].nes
Zen  Intergalactic Ninja,Zen  Intergalactic Ninja.jpg,Zen Intergalactic Ninja (U) [!].nes
Zombie Nation,Zombie Nation.jpg,Zombie Nation (U) [!].nes
